{
	"info": {
		"_postman_id": "10982441-0fb1-4b4a-8ff9-2f958f6fdb1d",
		"name": "API-CUCIMOBILFINAL",
		"schema": "https://schema.getpostman.com/json/collection/v2.0.0/collection.json",
		"_exporter_id": "27256122",
		"_collection_link": "https://lively-meteor-87570.postman.co/workspace/My-Workspace~fc0f3d63-686f-44d9-8d20-4f3b050a4491/collection/27256122-10982441-0fb1-4b4a-8ff9-2f958f6fdb1d?action=share&creator=27256122&source=collection_link"
	},
	"item": [
		{
			"name": "Layanan",
			"item": [
				{
					"name": "GET ALL LAYANAN",
					"request": {
						"method": "GET",
						"header": [],
						"url": "localhost/UAS_PEMWEBCUCIMOBIL/API_CUCIMOBIL/index.php/layanan/"
					},
					"response": []
				},
				{
					"name": "GET LAYANAN BY ID",
					"request": {
						"method": "GET",
						"header": [],
						"url": "localhost/UAS_PEMWEBCUCIMOBIL/API_CUCIMOBIL/index.php/layanan/id/1"
					},
					"response": []
				},
				{
					"name": "ADD LAYANAN",
					"request": {
						"method": "POST",
						"header": [],
						"body": {
							"mode": "raw",
							"raw": "{\r\n    \"nama\": \"Cuci Mobil SUV\",\r\n    \"keterangan\": \"Pencucian Mobil SUV\",\r\n    \"harga\": 1\r\n}"
						},
						"url": "localhost/UAS_PEMWEBCUCIMOBIL/API_CUCIMOBIL/index.php/layanan/"
					},
					"response": []
				},
				{
					"name": "EDIT",
					"request": {
						"method": "POST",
						"header": [],
						"body": {
							"mode": "raw",
							"raw": "{\r\n    \"id\": 4,\r\n    \"harga\": 90000\r\n}",
							"options": {
								"raw": {
									"language": "json"
								}
							}
						},
						"url": "localhost/UAS_PEMWEBCUCIMOBIL/API_CUCIMOBIL/index.php/layanan/edit"
					},
					"response": []
				},
				{
					"name": "DELETE",
					"request": {
						"method": "POST",
						"header": [],
						"body": {
							"mode": "raw",
							"raw": "        {\r\n            \"id\": \"4\"\r\n        }",
							"options": {
								"raw": {
									"language": "json"
								}
							}
						},
						"url": "localhost/UAS_PEMWEBCUCIMOBIL/API_CUCIMOBIL/index.php/layanan/delete"
					},
					"response": []
				}
			]
		},
		{
			"name": "Antrian",
			"item": [
				{
					"name": "ALL",
					"request": {
						"method": "GET",
						"header": [],
						"url": "localhost/UAS_PEMWEBCUCIMOBIL/API_CUCIMOBIL/index.php/antrian/"
					},
					"response": []
				},
				{
					"name": "EDIT",
					"request": {
						"method": "POST",
						"header": [],
						"body": {
							"mode": "raw",
							"raw": "{\r\n    \"nomor\": 3,\r\n    \"status\":2\r\n}",
							"options": {
								"raw": {
									"language": "json"
								}
							}
						},
						"url": "localhost/UAS_PEMWEBCUCIMOBIL/API_CUCIMOBIL/index.php/antrian/edit"
					},
					"response": []
				}
			]
		},
		{
			"name": "Pemesanan",
			"item": [
				{
					"name": "ALL",
					"request": {
						"method": "GET",
						"header": [],
						"url": "localhost/UAS_PEMWEBCUCIMOBIL/API_CUCIMOBIL/index.php/pemesanan"
					},
					"response": []
				},
				{
					"name": "By-ID",
					"request": {
						"method": "GET",
						"header": [],
						"url": "localhost/UAS_PEMWEBCUCIMOBIL/API_CUCIMOBIL/index.php/pemesanan/id/30"
					},
					"response": []
				},
				{
					"name": "ADD PEMESANAN",
					"request": {
						"method": "POST",
						"header": [],
						"body": {
							"mode": "raw",
							"raw": "{\r\n    \"user\": 11,\r\n    \"detail\": [\r\n        {\r\n            \"layanan\":2\r\n        },\r\n        {\r\n            \"layanan\":2\r\n        }\r\n    ]\r\n}",
							"options": {
								"raw": {
									"language": "json"
								}
							}
						},
						"url": "localhost/UAS_PEMWEBCUCIMOBIL/API_CUCIMOBIL/index.php/pemesanan"
					},
					"response": []
				},
				{
					"name": "EDIT",
					"request": {
						"method": "POST",
						"header": [],
						"body": {
							"mode": "raw",
							"raw": "        {\r\n            \"id\": \"30\",\r\n            \"user\": \"1\",\r\n            \"totalharga\": \"60000\"\r\n        }",
							"options": {
								"raw": {
									"language": "json"
								}
							}
						},
						"url": "localhost/UAS_PEMWEBCUCIMOBIL/API_CUCIMOBIL/index.php/pemesanan/edit"
					},
					"response": []
				},
				{
					"name": "DELETE",
					"request": {
						"method": "POST",
						"header": [],
						"body": {
							"mode": "raw",
							"raw": "        {\r\n            \"id\": \"30\"\r\n        }"
						},
						"url": "localhost/UAS_PEMWEBCUCIMOBIL/API_CUCIMOBIL/index.php/pemesanan/delete"
					},
					"response": []
				}
			]
		},
		{
			"name": "User",
			"item": [
				{
					"name": "ADD USER",
					"request": {
						"method": "POST",
						"header": [],
						"body": {
							"mode": "raw",
							"raw": "{\r\n    \"username\": \"raflyjuga\",\r\n    \"password\": \"raflyjuga\",\r\n    \"tipe_user\": \"user\"\r\n}",
							"options": {
								"raw": {
									"language": "json"
								}
							}
						},
						"url": "localhost/UAS_PEMWEBCUCIMOBIL/API_CUCIMOBIL/index.php/users/"
					},
					"response": []
				},
				{
					"name": "DELETE",
					"request": {
						"method": "POST",
						"header": [],
						"body": {
							"mode": "raw",
							"raw": "{\r\n    \"id\": \"12\"\r\n\r\n}",
							"options": {
								"raw": {
									"language": "json"
								}
							}
						},
						"url": "localhost/UAS_PEMWEBCUCIMOBIL/API_CUCIMOBIL/index.php/users/delete"
					},
					"response": []
				}
			]
		},
		{
			"name": "AUTHENTICATION",
			"request": {
				"method": "GET",
				"header": [],
				"url": {
					"raw": "localhost/UAS_PEMWEBCUCIMOBIL/API_CUCIMOBIL/index.php/users?username=rafly&password=rafly",
					"host": [
						"localhost"
					],
					"path": [
						"UAS_PEMWEBCUCIMOBIL",
						"API_CUCIMOBIL",
						"index.php",
						"users"
					],
					"query": [
						{
							"key": "username",
							"value": "rafly"
						},
						{
							"key": "password",
							"value": "rafly"
						}
					]
				}
			},
			"response": []
		}
	]
}